id,name
1000,Alabama1
1001,Autauga1
1003,Baldwin1
1005,Barbour1
1007,Bibb1
1009,Blount1
1011,Bullock1
1013,Butler1
1015,Calhoun1
1017,Chambers1
1019,Cherokee1
1021,Chilton1
1023,Choctaw1
1025,Clarke1
1027,Clay1
1029,Cleburne1
1031,Coffee1
1033,Colbert1
1035,Conecuh1
1037,Coosa1
1039,Covington1
1041,Crenshaw1
1043,Cullman1
1045,Dale1
1047,Dallas1
1049,De Kalb1
1051,Elmore1
1053,Escambia1
1055,Etowah1
1057,Fayette1
1059,Franklin1
1061,Geneva1
1063,Greene1
1065,Hale1
1067,Henry1
1069,Houston1
1071,Jackson1
1073,Jefferson1
1075,Lamar1
1077,Lauderdale1
1079,Lawrence1
1081,Lee1
1083,Limestone1
1085,Lowndes1
1087,Macon1
1089,Madison1
1091,Marengo1
1093,Marion1
1095,Marshall1
1097,Mobile1
1099,Monroe1
1101,Montgomery1
1103,Morgan1
1105,Perry1
1107,Pickens1
1109,Pike1
1111,Randolph1
1113,Russell1
1115,St. Clair1
1117,Shelby1
1119,Sumter1
1121,Talladega1
1123,Tallapoosa1
1125,Tuscaloosa1
1127,Walker1
1129,Washington1
1131,Wilcox1
1133,Winston1
2000,Alaska1
2013,Aleutians East1
2016,Aleutians West1
2020,Anchorage1
2050,Bethel1
2060,Bristol Bay1
2068,Denali1
2070,Dillingham1
2090,Fairbanks North Star1
2100,Haines1
2110,Juneau1
2122,Kenai Peninsula1
2130,Ketchikan Gateway1
2150,Kodiak Island1
2164,Lake and Peninsula1
2170,Matanuska-Susitna1
2180,Nome1
2185,North Slope1
2188,Northwest Arctic1
2201,Prince of Wales-Outer Ketchikan1
2220,Sitka1
2232,Skagway-Hoonah-Angoon1
2240,Southeast Fairbanks1
2261,Valdez-Cordova1
2270,Wade Hampton1
2280,Wrangell-Petersburg1
2282,Yakutat1
2290,Yukon-Koyukuk1
4000,Arizona1
4001,Apache1
4003,Cochise1
4005,Coconino1
4007,Gila1
4009,Graham1
4011,Greenlee1
4012,La Paz1
4013,Maricopa1
4015,Mohave1
4017,Navajo1
4019,Pima1
4021,Pinal1
4023,Santa Cruz1
4025,Yavapai1
4027,Yuma1
5000,Arkansas1
5001,Arkansas2
5003,Ashley1
5005,Baxter1
5007,Benton1
5009,Boone1
5011,Bradley1
5013,Calhoun2
5015,Carroll1
5017,Chicot1
5019,Clark1
5021,Clay2
5023,Cleburne2
5025,Cleveland1
5027,Columbia1
5029,Conway1
5031,Craighead1
5033,Crawford1
5035,Crittenden1
5037,Cross1
5039,Dallas2
5041,Desha1
5043,Drew1
5045,Faulkner1
5047,Franklin2
5049,Fulton1
5051,Garland1
5053,Grant1
5055,Greene2
5057,Hempstead1
5059,Hot Spring1
5061,Howard1
5063,Independence1
5065,Izard1
5067,Jackson2
5069,Jefferson2
5071,Johnson1
5073,Lafayette1
5075,Lawrence2
5077,Lee2
5079,Lincoln1
5081,Little River1
5083,Logan1
5085,Lonoke1
5087,Madison2
5089,Marion2
5091,Miller1
5093,Mississippi1
5095,Monroe2
5097,Montgomery2
5099,Nevada1
5101,Newton1
5103,Ouachita1
5105,Perry2
5107,Phillips1
5109,Pike2
5111,Poinsett1
5113,Polk1
5115,Pope1
5117,Prairie1
5119,Pulaski1
5121,Randolph2
5123,St. Francis1
5125,Saline1
5127,Scott1
5129,Searcy1
5131,Sebastian1
5133,Sevier1
5135,Sharp1
5137,Stone1
5139,Union1
5141,Van Buren1
5143,Washington2
5145,White1
5147,Woodruff1
5149,Yell1
6000,California1
6001,Alameda1
6003,Alpine1
6005,Amador1
6007,Butte1
6009,Calaveras1
6011,Colusa1
6013,Contra Costa1
6015,Del Norte1
6017,El Dorado1
6019,Fresno1
6021,Glenn1
6023,Humboldt1
6025,Imperial1
6027,Inyo1
6029,Kern1
6031,Kings1
6033,Lake1
6035,Lassen1
6037,Los Angeles1
6039,Madera1
6041,Marin1
6043,Mariposa1
6045,Mendocino1
6047,Merced1
6049,Modoc1
6051,Mono1
6053,Monterey1
6055,Napa1
6057,Nevada2
6059,Orange1
6061,Placer1
6063,Plumas1
6065,Riverside1
6067,Sacramento1
6069,San Benito1
6071,San Bernardino1
6073,San Diego1
6075,San Francisco1
6077,San Joaquin1
6079,San Luis Obispo1
6081,San Mateo1
6083,Santa Barbara1
6085,Santa Clara1
6087,Santa Cruz2
6089,Shasta1
6091,Sierra1
6093,Siskiyou1
6095,Solano1
6097,Sonoma1
6099,Stanislaus1
6101,Sutter1
6103,Tehama1
6105,Trinity1
6107,Tulare1
6109,Tuolumne1
6111,Ventura1
6113,Yolo1
6115,Yuba1
8000,Colorado1
8001,Adams1
8003,Alamosa1
8005,Arapahoe1
8007,Archuleta1
8009,Baca1
8011,Bent1
8013,Boulder1
8015,Chaffee1
8017,Cheyenne1
8019,Clear Creek1
8021,Conejos1
8023,Costilla1
8025,Crowley1
8027,Custer1
8029,Delta1
8031,Denver1
8033,Dolores1
8035,Douglas1
8037,Eagle1
8039,Elbert1
8041,El Paso1
8043,Fremont1
8045,Garfield1
8047,Gilpin1
8049,Grand1
8051,Gunnison1
8053,Hinsdale1
8055,Huerfano1
8057,Jackson3
8059,Jefferson3
8061,Kiowa1
8063,Kit Carson1
8065,Lake2
8067,La Plata1
8069,Larimer1
8071,Las Animas1
8073,Lincoln2
8075,Logan2
8077,Mesa1
8079,Mineral1
8081,Moffat1
8083,Montezuma1
8085,Montrose1
8087,Morgan2
8089,Otero1
8091,Ouray1
8093,Park1
8095,Phillips2
8097,Pitkin1
8099,Prowers1
8101,Pueblo1
8103,Rio Blanco1
8105,Rio Grande1
8107,Routt1
8109,Saguache1
8111,San Juan1
8113,San Miguel1
8115,Sedgwick1
8117,Summit1
8119,Teller1
8121,Washington3
8123,Weld1
8125,Yuma2
9000,Connecticut1
9001,Fairfield1
9003,Hartford1
9005,Litchfield1
9007,Middlesex1
9009,New Haven1
9011,New London1
9013,Tolland1
9015,Windham1
10000,Delaware1
10001,Kent1
10003,New Castle1
10005,Sussex1
11000,District of Columbia1
11001,District of Columbia2
12000,Florida1
12001,Alachua1
12003,Baker1
12005,Bay1
12007,Bradford1
12009,Brevard1
12011,Broward1
12013,Calhoun3
12015,Charlotte1
12017,Citrus1
12019,Clay3
12021,Collier1
12023,Columbia2
12025,Dade1
12027,De Soto1
12029,Dixie1
12031,Duval1
12033,Escambia2
12035,Flagler1
12037,Franklin3
12039,Gadsden1
12041,Gilchrist1
12043,Glades1
12045,Gulf1
12047,Hamilton1
12049,Hardee1
12051,Hendry1
12053,Hernando1
12055,Highlands1
12057,Hillsborough1
12059,Holmes1
12061,Indian River1
12063,Jackson4
12065,Jefferson4
12067,Lafayette2
12069,Lake3
12071,Lee3
12073,Leon1
12075,Levy1
12077,Liberty1
12079,Madison3
12081,Manatee1
12083,Marion3
12085,Martin1
12087,Monroe3
12089,Nassau1
12091,Okaloosa1
12093,Okeechobee1
12095,Orange2
12097,Osceola1
12099,Palm Beach1
12101,Pasco1
12103,Pinellas1
12105,Polk2
12107,Putnam1
12109,St. Johns1
12111,St. Lucie1
12113,Santa Rosa1
12115,Sarasota1
12117,Seminole1
12119,Sumter2
12121,Suwannee1
12123,Taylor1
12125,Union2
12127,Volusia1
12129,Wakulla1
12131,Walton1
12133,Washington4
13000,Georgia1
13001,Appling1
13003,Atkinson1
13005,Bacon1
13007,Baker2
13009,Baldwin2
13011,Banks1
13013,Barrow1
13015,Bartow1
13017,Ben Hill1
13019,Berrien1
13021,Bibb2
13023,Bleckley1
13025,Brantley1
13027,Brooks1
13029,Bryan1
13031,Bulloch1
13033,Burke1
13035,Butts1
13037,Calhoun4
13039,Camden1
13043,Candler1
13045,Carroll2
13047,Catoosa1
13049,Charlton1
13051,Chatham1
13053,Chattahoochee1
13055,Chattooga1
13057,Cherokee2
13059,Clarke2
13061,Clay4
13063,Clayton1
13065,Clinch1
13067,Cobb1
13069,Coffee2
13071,Colquitt1
13073,Columbia3
13075,Cook1
13077,Coweta1
13079,Crawford2
13081,Crisp1
13083,Dade2
13085,Dawson1
13087,Decatur1
13089,De Kalb2
13091,Dodge1
13093,Dooly1
13095,Dougherty1
13097,Douglas2
13099,Early1
13101,Echols1
13103,Effingham1
13105,Elbert2
13107,Emanuel1
13109,Evans1
13111,Fannin1
13113,Fayette2
13115,Floyd1
13117,Forsyth1
13119,Franklin4
13121,Fulton2
13123,Gilmer1
13125,Glascock1
13127,Glynn1
13129,Gordon1
13131,Grady1
13133,Greene3
13135,Gwinnett1
13137,Habersham1
13139,Hall1
13141,Hancock1
13143,Haralson1
13145,Harris1
13147,Hart1
13149,Heard1
13151,Henry2
13153,Houston2
13155,Irwin1
13157,Jackson5
13159,Jasper1
13161,Jeff Davis1
13163,Jefferson5
13165,Jenkins1
13167,Johnson2
13169,Jones1
13171,Lamar2
13173,Lanier1
13175,Laurens1
13177,Lee4
13179,Liberty2
13181,Lincoln3
13183,Long1
13185,Lowndes2
13187,Lumpkin1
13189,McDuffie1
13191,McIntosh1
13193,Macon2
13195,Madison4
13197,Marion4
13199,Meriwether1
13201,Miller2
13205,Mitchell1
13207,Monroe4
13209,Montgomery3
13211,Morgan3
13213,Murray1
13215,Muscogee1
13217,Newton2
13219,Oconee1
13221,Oglethorpe1
13223,Paulding1
13225,Peach1
13227,Pickens2
13229,Pierce1
13231,Pike3
13233,Polk3
13235,Pulaski2
13237,Putnam2
13239,Quitman1
13241,Rabun1
13243,Randolph3
13245,Richmond1
13247,Rockdale1
13249,Schley1
13251,Screven1
13253,Seminole2
13255,Spalding1
13257,Stephens1
13259,Stewart1
13261,Sumter3
13263,Talbot1
13265,Taliaferro1
13267,Tattnall1
13269,Taylor2
13271,Telfair1
13273,Terrell1
13275,Thomas1
13277,Tift1
13279,Toombs1
13281,Towns1
13283,Treutlen1
13285,Troup1
13287,Turner1
13289,Twiggs1
13291,Union3
13293,Upson1
13295,Walker2
13297,Walton2
13299,Ware1
13301,Warren1
13303,Washington5
13305,Wayne1
13307,Webster1
13309,Wheeler1
13311,White2
13313,Whitfield1
13315,Wilcox2
13317,Wilkes1
13319,Wilkinson1
13321,Worth1
15000,Hawaii1
15001,Hawaii2
15003,Honolulu1
15005,Kalawao1
15007,Kauai1
15009,Maui1
16000,Idaho1
16001,Ada1
16003,Adams2
16005,Bannock1
16007,Bear Lake1
16009,Benewah1
16011,Bingham1
16013,Blaine1
16015,Boise1
16017,Bonner1
16019,Bonneville1
16021,Boundary1
16023,Butte2
16025,Camas1
16027,Canyon1
16029,Caribou1
16031,Cassia1
16033,Clark2
16035,Clearwater1
16037,Custer2
16039,Elmore2
16041,Franklin5
16043,Fremont2
16045,Gem1
16047,Gooding1
16049,Idaho2
16051,Jefferson6
16053,Jerome1
16055,Kootenai1
16057,Latah1
16059,Lemhi1
16061,Lewis1
16063,Lincoln4
16065,Madison5
16067,Minidoka1
16069,Nez Perce1
16071,Oneida1
16073,Owyhee1
16075,Payette1
16077,Power1
16079,Shoshone1
16081,Teton1
16083,Twin Falls1
16085,Valley1
16087,Washington6
17000,Illinois1
17001,Adams3
17003,Alexander1
17005,Bond1
17007,Boone2
17009,Brown1
17011,Bureau1
17013,Calhoun5
17015,Carroll3
17017,Cass1
17019,Champaign1
17021,Christian1
17023,Clark3
17025,Clay5
17027,Clinton1
17029,Coles1
17031,Cook2
17033,Crawford3
17035,Cumberland1
17037,DeKalb1
17039,De Witt1
17041,Douglas3
17043,DuPage1
17045,Edgar1
17047,Edwards1
17049,Effingham2
17051,Fayette3
17053,Ford1
17055,Franklin6
17057,Fulton3
17059,Gallatin1
17061,Greene4
17063,Grundy1
17065,Hamilton2
17067,Hancock2
17069,Hardin1
17071,Henderson1
17073,Henry3
17075,Iroquois1
17077,Jackson6
17079,Jasper2
17081,Jefferson7
17083,Jersey1
17085,Jo Daviess1
17087,Johnson3
17089,Kane1
17091,Kankakee1
17093,Kendall1
17095,Knox1
17097,Lake4
17099,La Salle1
17101,Lawrence3
17103,Lee5
17105,Livingston1
17107,Logan3
17109,McDonough1
17111,McHenry1
17113,McLean1
17115,Macon3
17117,Macoupin1
17119,Madison6
17121,Marion5
17123,Marshall2
17125,Mason1
17127,Massac1
17129,Menard1
17131,Mercer1
17133,Monroe5
17135,Montgomery4
17137,Morgan4
17139,Moultrie1
17141,Ogle1
17143,Peoria1
17145,Perry3
17147,Piatt1
17149,Pike4
17151,Pope2
17153,Pulaski3
17155,Putnam3
17157,Randolph4
17159,Richland1
17161,Rock Island1
17163,St. Clair2
17165,Saline2
17167,Sangamon1
17169,Schuyler1
17171,Scott2
17173,Shelby2
17175,Stark1
17177,Stephenson1
17179,Tazewell1
17181,Union4
17183,Vermilion1
17185,Wabash1
17187,Warren2
17189,Washington7
17191,Wayne2
17193,White3
17195,Whiteside1
17197,Will1
17199,Williamson1
17201,Winnebago1
17203,Woodford1
18000,Indiana1
18001,Adams4
18003,Allen1
18005,Bartholomew1
18007,Benton2
18009,Blackford1
18011,Boone3
18013,Brown2
18015,Carroll4
18017,Cass2
18019,Clark4
18021,Clay6
18023,Clinton2
18025,Crawford4
18027,Daviess1
18029,Dearborn1
18031,Decatur2
18033,De Kalb3
18035,Delaware2
18037,Dubois1
18039,Elkhart1
18041,Fayette4
18043,Floyd2
18045,Fountain1
18047,Franklin7
18049,Fulton4
18051,Gibson1
18053,Grant2
18055,Greene5
18057,Hamilton3
18059,Hancock3
18061,Harrison1
18063,Hendricks1
18065,Henry4
18067,Howard2
18069,Huntington1
18071,Jackson7
18073,Jasper3
18075,Jay1
18077,Jefferson8
18079,Jennings1
18081,Johnson4
18083,Knox2
18085,Kosciusko1
18087,Lagrange1
18089,Lake5
18091,La Porte1
18093,Lawrence4
18095,Madison7
18097,Marion6
18099,Marshall3
18101,Martin2
18103,Miami1
18105,Monroe6
18107,Montgomery5
18109,Morgan5
18111,Newton3
18113,Noble1
18115,Ohio1
18117,Orange3
18119,Owen1
18121,Parke1
18123,Perry4
18125,Pike5
18127,Porter1
18129,Posey1
18131,Pulaski4
18133,Putnam4
18135,Randolph5
18137,Ripley1
18139,Rush1
18141,St. Joseph1
18143,Scott3
18145,Shelby3
18147,Spencer1
18149,Starke1
18151,Steuben1
18153,Sullivan1
18155,Switzerland1
18157,Tippecanoe1
18159,Tipton1
18161,Union5
18163,Vanderburgh1
18165,Vermillion1
18167,Vigo1
18169,Wabash2
18171,Warren3
18173,Warrick1
18175,Washington8
18177,Wayne3
18179,Wells1
18181,White4
18183,Whitley1
19000,Iowa1
19001,Adair1
19003,Adams5
19005,Allamakee1
19007,Appanoose1
19009,Audubon1
19011,Benton3
19013,Black Hawk1
19015,Boone4
19017,Bremer1
19019,Buchanan1
19021,Buena Vista1
19023,Butler2
19025,Calhoun6
19027,Carroll5
19029,Cass3
19031,Cedar1
19033,Cerro Gordo1
19035,Cherokee3
19037,Chickasaw1
19039,Clarke3
19041,Clay7
19043,Clayton2
19045,Clinton3
19047,Crawford5
19049,Dallas3
19051,Davis1
19053,Decatur3
19055,Delaware3
19057,Des Moines1
19059,Dickinson1
19061,Dubuque1
19063,Emmet1
19065,Fayette5
19067,Floyd3
19069,Franklin8
19071,Fremont3
19073,Greene6
19075,Grundy2
19077,Guthrie1
19079,Hamilton4
19081,Hancock4
19083,Hardin2
19085,Harrison2
19087,Henry5
19089,Howard3
19091,Humboldt2
19093,Ida1
19095,Iowa2
19097,Jackson8
19099,Jasper4
19101,Jefferson9
19103,Johnson5
19105,Jones2
19107,Keokuk1
19109,Kossuth1
19111,Lee6
19113,Linn1
19115,Louisa1
19117,Lucas1
19119,Lyon1
19121,Madison8
19123,Mahaska1
19125,Marion7
19127,Marshall4
19129,Mills1
19131,Mitchell2
19133,Monona1
19135,Monroe7
19137,Montgomery6
19139,Muscatine1
19141,O'Brien1
19143,Osceola2
19145,Page1
19147,Palo Alto1
19149,Plymouth1
19151,Pocahontas1
19153,Polk4
19155,Pottawattamie1
19157,Poweshiek1
19159,Ringgold1
19161,Sac1
19163,Scott4
19165,Shelby4
19167,Sioux1
19169,Story1
19171,Tama1
19173,Taylor3
19175,Union6
19177,Van Buren2
19179,Wapello1
19181,Warren4
19183,Washington9
19185,Wayne4
19187,Webster2
19189,Winnebago2
19191,Winneshiek1
19193,Woodbury1
19195,Worth2
19197,Wright1
20000,Kansas1
20001,Allen2
20003,Anderson1
20005,Atchison1
20007,Barber1
20009,Barton1
20011,Bourbon1
20013,Brown3
20015,Butler3
20017,Chase1
20019,Chautauqua1
20021,Cherokee4
20023,Cheyenne2
20025,Clark5
20027,Clay8
20029,Cloud1
20031,Coffey1
20033,Comanche1
20035,Cowley1
20037,Crawford6
20039,Decatur4
20041,Dickinson2
20043,Doniphan1
20045,Douglas4
20047,Edwards2
20049,Elk1
20051,Ellis1
20053,Ellsworth1
20055,Finney1
20057,Ford2
20059,Franklin9
20061,Geary1
20063,Gove1
20065,Graham2
20067,Grant3
20069,Gray1
20071,Greeley1
20073,Greenwood1
20075,Hamilton5
20077,Harper1
20079,Harvey1
20081,Haskell1
20083,Hodgeman1
20085,Jackson9
20087,Jefferson10
20089,Jewell1
20091,Johnson6
20093,Kearny1
20095,Kingman1
20097,Kiowa2
20099,Labette1
20101,Lane1
20103,Leavenworth1
20105,Lincoln5
20107,Linn2
20109,Logan4
20111,Lyon2
20113,McPherson1
20115,Marion8
20117,Marshall5
20119,Meade1
20121,Miami2
20123,Mitchell3
20125,Montgomery7
20127,Morris1
20129,Morton1
20131,Nemaha1
20133,Neosho1
20135,Ness1
20137,Norton1
20139,Osage1
20141,Osborne1
20143,Ottawa1
20145,Pawnee1
20147,Phillips3
20149,Pottawatomie1
20151,Pratt1
20153,Rawlins1
20155,Reno1
20157,Republic1
20159,Rice1
20161,Riley1
20163,Rooks1
20165,Rush2
20167,Russell2
20169,Saline3
20171,Scott5
20173,Sedgwick2
20175,Seward1
20177,Shawnee1
20179,Sheridan1
20181,Sherman1
20183,Smith1
20185,Stafford1
20187,Stanton1
20189,Stevens1
20191,Sumner1
20193,Thomas2
20195,Trego1
20197,Wabaunsee1
20199,Wallace1
20201,Washington10
20203,Wichita1
20205,Wilson1
20207,Woodson1
20209,Wyandotte1
21000,Kentucky1
21001,Adair2
21003,Allen3
21005,Anderson2
21007,Ballard1
21009,Barren1
21011,Bath1
21013,Bell1
21015,Boone5
21017,Bourbon2
21019,Boyd1
21021,Boyle1
21023,Bracken1
21025,Breathitt1
21027,Breckinridge1
21029,Bullitt1
21031,Butler4
21033,Caldwell1
21035,Calloway1
21037,Campbell1
21039,Carlisle1
21041,Carroll6
21043,Carter1
21045,Casey1
21047,Christian2
21049,Clark6
21051,Clay9
21053,Clinton4
21055,Crittenden2
21057,Cumberland2
21059,Daviess2
21061,Edmonson1
21063,Elliott1
21065,Estill1
21067,Fayette6
21069,Fleming1
21071,Floyd4
21073,Franklin10
21075,Fulton5
21077,Gallatin2
21079,Garrard1
21081,Grant4
21083,Graves1
21085,Grayson1
21087,Green1
21089,Greenup1
21091,Hancock5
21093,Hardin3
21095,Harlan1
21097,Harrison3
21099,Hart2
21101,Henderson2
21103,Henry6
21105,Hickman1
21107,Hopkins1
21109,Jackson10
21111,Jefferson11
21113,Jessamine1
21115,Johnson7
21117,Kenton1
21119,Knott1
21121,Knox3
21123,Larue1
21125,Laurel1
21127,Lawrence5
21129,Lee7
21131,Leslie1
21133,Letcher1
21135,Lewis2
21137,Lincoln6
21139,Livingston2
21141,Logan5
21143,Lyon3
21145,McCracken1
21147,McCreary1
21149,McLean2
21151,Madison9
21153,Magoffin1
21155,Marion9
21157,Marshall6
21159,Martin3
21161,Mason2
21163,Meade2
21165,Menifee1
21167,Mercer2
21169,Metcalfe1
21171,Monroe8
21173,Montgomery8
21175,Morgan6
21177,Muhlenberg1
21179,Nelson1
21181,Nicholas1
21183,Ohio2
21185,Oldham1
21187,Owen2
21189,Owsley1
21191,Pendleton1
21193,Perry5
21195,Pike6
21197,Powell1
21199,Pulaski5
21201,Robertson1
21203,Rockcastle1
21205,Rowan1
21207,Russell3
21209,Scott6
21211,Shelby5
21213,Simpson1
21215,Spencer2
21217,Taylor4
21219,Todd1
21221,Trigg1
21223,Trimble1
21225,Union7
21227,Warren5
21229,Washington11
21231,Wayne5
21233,Webster3
21235,Whitley2
21237,Wolfe1
21239,Woodford2
22000,Louisiana1
22001,Acadia1
22003,Allen4
22005,Ascension1
22007,Assumption1
22009,Avoyelles1
22011,Beauregard1
22013,Bienville1
22015,Bossier1
22017,Caddo1
22019,Calcasieu1
22021,Caldwell2
22023,Cameron1
22025,Catahoula1
22027,Claiborne1
22029,Concordia1
22031,De Soto2
22033,East Baton Rouge1
22035,East Carroll1
22037,East Feliciana1
22039,Evangeline1
22041,Franklin11
22043,Grant5
22045,Iberia1
22047,Iberville1
22049,Jackson11
22051,Jefferson12
22053,Jefferson Davis1
22055,Lafayette3
22057,Lafourche1
22059,La Salle2
22061,Lincoln7
22063,Livingston3
22065,Madison10
22067,Morehouse1
22069,Natchitoches1
22071,Orleans1
22073,Ouachita2
22075,Plaquemines1
22077,Pointe Coupee1
22079,Rapides1
22081,Red River1
22083,Richland2
22085,Sabine1
22087,St. Bernard1
22089,St. Charles1
22091,St. Helena1
22093,St. James1
22095,St. John the Baptist1
22097,St. Landry1
22099,St. Martin1
22101,St. Mary1
22103,St. Tammany1
22105,Tangipahoa1
22107,Tensas1
22109,Terrebonne1
22111,Union8
22113,Vermilion2
22115,Vernon1
22117,Washington12
22119,Webster4
22121,West Baton Rouge1
22123,West Carroll1
22125,West Feliciana1
22127,Winn1
23000,Maine1
23001,Androscoggin1
23003,Aroostook1
23005,Cumberland3
23007,Franklin12
23009,Hancock6
23011,Kennebec1
23013,Knox4
23015,Lincoln8
23017,Oxford1
23019,Penobscot1
23021,Piscataquis1
23023,Sagadahoc1
23025,Somerset1
23027,Waldo1
23029,Washington13
23031,York1
24000,Maryland1
24001,Allegany1
24003,Anne Arundel1
24005,Baltimore1
24009,Calvert1
24011,Caroline1
24013,Carroll7
24015,Cecil1
24017,Charles1
24019,Dorchester1
24021,Frederick1
24023,Garrett1
24025,Harford1
24027,Howard4
24029,Kent2
24031,Montgomery9
24033,Prince George's1
24035,Queen Anne's1
24037,St. Mary's1
24039,Somerset2
24041,Talbot2
24043,Washington14
24045,Wicomico1
24047,Worcester1
24510,Baltimore city1
25000,Massachusetts1
25001,Barnstable1
25003,Berkshire1
25005,Bristol1
25007,Dukes1
25009,Essex1
25011,Franklin13
25013,Hampden1
25015,Hampshire1
25017,Middlesex2
25019,Nantucket1
25021,Norfolk1
25023,Plymouth2
25025,Suffolk1
25027,Worcester2
26000,Michigan1
26001,Alcona1
26003,Alger1
26005,Allegan1
26007,Alpena1
26009,Antrim1
26011,Arenac1
26013,Baraga1
26015,Barry1
26017,Bay2
26019,Benzie1
26021,Berrien2
26023,Branch1
26025,Calhoun7
26027,Cass4
26029,Charlevoix1
26031,Cheboygan1
26033,Chippewa1
26035,Clare1
26037,Clinton5
26039,Crawford7
26041,Delta2
26043,Dickinson3
26045,Eaton1
26047,Emmet2
26049,Genesee1
26051,Gladwin1
26053,Gogebic1
26055,Grand Traverse1
26057,Gratiot1
26059,Hillsdale1
26061,Houghton1
26063,Huron1
26065,Ingham1
26067,Ionia1
26069,Iosco1
26071,Iron1
26073,Isabella1
26075,Jackson12
26077,Kalamazoo1
26079,Kalkaska1
26081,Kent3
26083,Keweenaw1
26085,Lake6
26087,Lapeer1
26089,Leelanau1
26091,Lenawee1
26093,Livingston4
26095,Luce1
26097,Mackinac1
26099,Macomb1
26101,Manistee1
26103,Marquette1
26105,Mason3
26107,Mecosta1
26109,Menominee1
26111,Midland1
26113,Missaukee1
26115,Monroe9
26117,Montcalm1
26119,Montmorency1
26121,Muskegon1
26123,Newaygo1
26125,Oakland1
26127,Oceana1
26129,Ogemaw1
26131,Ontonagon1
26133,Osceola3
26135,Oscoda1
26137,Otsego1
26139,Ottawa2
26141,Presque Isle1
26143,Roscommon1
26145,Saginaw1
26147,St. Clair3
26149,St. Joseph2
26151,Sanilac1
26153,Schoolcraft1
26155,Shiawassee1
26157,Tuscola1
26159,Van Buren3
26161,Washtenaw1
26163,Wayne6
26165,Wexford1
27000,Minnesota1
27001,Aitkin1
27003,Anoka1
27005,Becker1
27007,Beltrami1
27009,Benton4
27011,Big Stone1
27013,Blue Earth1
27015,Brown4
27017,Carlton1
27019,Carver1
27021,Cass5
27023,Chippewa2
27025,Chisago1
27027,Clay10
27029,Clearwater2
27031,Cook3
27033,Cottonwood1
27035,Crow Wing1
27037,Dakota1
27039,Dodge2
27041,Douglas5
27043,Faribault1
27045,Fillmore1
27047,Freeborn1
27049,Goodhue1
27051,Grant6
27053,Hennepin1
27055,Houston3
27057,Hubbard1
27059,Isanti1
27061,Itasca1
27063,Jackson13
27065,Kanabec1
27067,Kandiyohi1
27069,Kittson1
27071,Koochiching1
27073,Lac qui Parle1
27075,Lake7
27077,Lake of the Woods1
27079,Le Sueur1
27081,Lincoln9
27083,Lyon4
27085,McLeod1
27087,Mahnomen1
27089,Marshall7
27091,Martin4
27093,Meeker1
27095,Mille Lacs1
27097,Morrison1
27099,Mower1
27101,Murray2
27103,Nicollet1
27105,Nobles1
27107,Norman1
27109,Olmsted1
27111,Otter Tail1
27113,Pennington1
27115,Pine1
27117,Pipestone1
27119,Polk5
27121,Pope3
27123,Ramsey1
27125,Red Lake1
27127,Redwood1
27129,Renville1
27131,Rice2
27133,Rock1
27135,Roseau1
27137,St. Louis1
27139,Scott7
27141,Sherburne1
27143,Sibley1
27145,Stearns1
27147,Steele1
27149,Stevens2
27151,Swift1
27153,Todd2
27155,Traverse1
27157,Wabasha1
27159,Wadena1
27161,Waseca1
27163,Washington15
27165,Watonwan1
27167,Wilkin1
27169,Winona1
27171,Wright2
27173,Yellow Medicine1
28000,Mississippi2
28001,Adams6
28003,Alcorn1
28005,Amite1
28007,Attala1
28009,Benton5
28011,Bolivar1
28013,Calhoun8
28015,Carroll8
28017,Chickasaw2
28019,Choctaw2
28021,Claiborne2
28023,Clarke4
28025,Clay11
28027,Coahoma1
28029,Copiah1
28031,Covington2
28033,DeSoto1
28035,Forrest1
28037,Franklin14
28039,George1
28041,Greene7
28043,Grenada1
28045,Hancock7
28047,Harrison4
28049,Hinds1
28051,Holmes2
28053,Humphreys1
28055,Issaquena1
28057,Itawamba1
28059,Jackson14
28061,Jasper5
28063,Jefferson13
28065,Jefferson Davis2
28067,Jones3
28069,Kemper1
28071,Lafayette4
28073,Lamar3
28075,Lauderdale2
28077,Lawrence6
28079,Leake1
28081,Lee8
28083,Leflore1
28085,Lincoln10
28087,Lowndes3
28089,Madison11
28091,Marion10
28093,Marshall8
28095,Monroe10
28097,Montgomery10
28099,Neshoba1
28101,Newton4
28103,Noxubee1
28105,Oktibbeha1
28107,Panola1
28109,Pearl River1
28111,Perry6
28113,Pike7
28115,Pontotoc1
28117,Prentiss1
28119,Quitman2
28121,Rankin1
28123,Scott8
28125,Sharkey1
28127,Simpson2
28129,Smith2
28131,Stone2
28133,Sunflower1
28135,Tallahatchie1
28137,Tate1
28139,Tippah1
28141,Tishomingo1
28143,Tunica1
28145,Union9
28147,Walthall1
28149,Warren6
28151,Washington16
28153,Wayne7
28155,Webster5
28157,Wilkinson2
28159,Winston2
28161,Yalobusha1
28163,Yazoo1
29000,Missouri1
29001,Adair3
29003,Andrew1
29005,Atchison2
29007,Audrain1
29009,Barry2
29011,Barton2
29013,Bates1
29015,Benton6
29017,Bollinger1
29019,Boone6
29021,Buchanan2
29023,Butler5
29025,Caldwell3
29027,Callaway1
29029,Camden2
29031,Cape Girardeau1
29033,Carroll9
29035,Carter2
29037,Cass6
29039,Cedar2
29041,Chariton1
29043,Christian3
29045,Clark7
29047,Clay12
29049,Clinton6
29051,Cole1
29053,Cooper1
29055,Crawford8
29057,Dade3
29059,Dallas4
29061,Daviess3
29063,De Kalb4
29065,Dent1
29067,Douglas6
29069,Dunklin1
29071,Franklin15
29073,Gasconade1
29075,Gentry1
29077,Greene8
29079,Grundy3
29081,Harrison5
29083,Henry7
29085,Hickory1
29087,Holt1
29089,Howard5
29091,Howell1
29093,Iron2
29095,Jackson15
29097,Jasper6
29099,Jefferson14
29101,Johnson8
29103,Knox5
29105,Laclede1
29107,Lafayette5
29109,Lawrence7
29111,Lewis3
29113,Lincoln11
29115,Linn3
29117,Livingston5
29119,McDonald1
29121,Macon4
29123,Madison12
29125,Maries1
29127,Marion11
29129,Mercer3
29131,Miller3
29133,Mississippi3
29135,Moniteau1
29137,Monroe11
29139,Montgomery11
29141,Morgan7
29143,New Madrid1
29145,Newton5
29147,Nodaway1
29149,Oregon1
29151,Osage2
29153,Ozark1
29155,Pemiscot1
29157,Perry7
29159,Pettis1
29161,Phelps1
29163,Pike8
29165,Platte1
29167,Polk6
29169,Pulaski6
29171,Putnam5
29173,Ralls1
29175,Randolph6
29177,Ray1
29179,Reynolds1
29181,Ripley2
29183,St. Charles2
29185,St. Clair4
29186,Ste. Genevieve1
29187,St. Francois1
29189,St. Louis2
29195,Saline4
29197,Schuyler2
29199,Scotland1
29201,Scott9
29203,Shannon1
29205,Shelby6
29207,Stoddard1
29209,Stone3
29211,Sullivan2
29213,Taney1
29215,Texas1
29217,Vernon2
29219,Warren7
29221,Washington17
29223,Wayne8
29225,Webster6
29227,Worth3
29229,Wright3
29510,St. Louis city1
30000,Montana1
30001,Beaverhead1
30003,Big Horn1
30005,Blaine2
30007,Broadwater1
30009,Carbon1
30011,Carter3
30013,Cascade1
30015,Chouteau1
30017,Custer3
30019,Daniels1
30021,Dawson2
30023,Deer Lodge1
30025,Fallon1
30027,Fergus1
30029,Flathead1
30031,Gallatin3
30033,Garfield2
30035,Glacier1
30037,Golden Valley1
30039,Granite1
30041,Hill1
30043,Jefferson15
30045,Judith Basin1
30047,Lake8
30049,Lewis and Clark1
30051,Liberty3
30053,Lincoln12
30055,McCone1
30057,Madison13
30059,Meagher1
30061,Mineral2
30063,Missoula1
30065,Musselshell1
30067,Park2
30069,Petroleum1
30071,Phillips4
30073,Pondera1
30075,Powder River1
30077,Powell2
30079,Prairie2
30081,Ravalli1
30083,Richland3
30085,Roosevelt1
30087,Rosebud1
30089,Sanders1
30091,Sheridan2
30093,Silver Bow1
30095,Stillwater1
30097,Sweet Grass1
30099,Teton2
30101,Toole1
30103,Treasure1
30105,Valley2
30107,Wheatland1
30109,Wibaux1
30111,Yellowstone1
30113,Yellowstone National Park1
31000,Nebraska1
31001,Adams7
31003,Antelope1
31005,Arthur1
31007,Banner1
31009,Blaine3
31011,Boone7
31013,Box Butte1
31015,Boyd2
31017,Brown5
31019,Buffalo1
31021,Burt1
31023,Butler6
31025,Cass7
31027,Cedar3
31029,Chase2
31031,Cherry1
31033,Cheyenne3
31035,Clay13
31037,Colfax1
31039,Cuming1
31041,Custer4
31043,Dakota2
31045,Dawes1
31047,Dawson3
31049,Deuel1
31051,Dixon1
31053,Dodge3
31055,Douglas7
31057,Dundy1
31059,Fillmore2
31061,Franklin16
31063,Frontier1
31065,Furnas1
31067,Gage1
31069,Garden1
31071,Garfield3
31073,Gosper1
31075,Grant7
31077,Greeley2
31079,Hall2
31081,Hamilton6
31083,Harlan2
31085,Hayes1
31087,Hitchcock1
31089,Holt2
31091,Hooker1
31093,Howard6
31095,Jefferson16
31097,Johnson9
31099,Kearney1
31101,Keith1
31103,Keya Paha1
31105,Kimball1
31107,Knox6
31109,Lancaster1
31111,Lincoln13
31113,Logan6
31115,Loup1
31117,McPherson2
31119,Madison14
31121,Merrick1
31123,Morrill1
31125,Nance1
31127,Nemaha2
31129,Nuckolls1
31131,Otoe1
31133,Pawnee2
31135,Perkins1
31137,Phelps2
31139,Pierce2
31141,Platte2
31143,Polk7
31145,Red Willow1
31147,Richardson1
31149,Rock2
31151,Saline5
31153,Sarpy1
31155,Saunders1
31157,Scotts Bluff1
31159,Seward2
31161,Sheridan3
31163,Sherman2
31165,Sioux2
31167,Stanton2
31169,Thayer1
31171,Thomas3
31173,Thurston1
31175,Valley3
31177,Washington18
31179,Wayne9
31181,Webster7
31183,Wheeler2
31185,York2
32000,Nevada3
32001,Churchill1
32003,Clark8
32005,Douglas8
32007,Elko1
32009,Esmeralda1
32011,Eureka1
32013,Humboldt3
32015,Lander1
32017,Lincoln14
32019,Lyon5
32021,Mineral3
32023,Nye1
32027,Pershing1
32029,Storey1
32031,Washoe1
32033,White Pine1
32510,Carson City1
33000,New Hampshire1
33001,Belknap1
33003,Carroll10
33005,Cheshire1
33007,Coos1
33009,Grafton1
33011,Hillsborough2
33013,Merrimack1
33015,Rockingham1
33017,Strafford1
33019,Sullivan3
34000,New Jersey1
34001,Atlantic1
34003,Bergen1
34005,Burlington1
34007,Camden3
34009,Cape May1
34011,Cumberland4
34013,Essex2
34015,Gloucester1
34017,Hudson1
34019,Hunterdon1
34021,Mercer4
34023,Middlesex3
34025,Monmouth1
34027,Morris2
34029,Ocean1
34031,Passaic1
34033,Salem1
34035,Somerset3
34037,Sussex2
34039,Union10
34041,Warren8
35000,New Mexico1
35001,Bernalillo1
35003,Catron1
35005,Chaves1
35006,Cibola1
35007,Colfax2
35009,Curry1
35011,De Baca1
35013,Dona Ana1
35015,Eddy1
35017,Grant8
35019,Guadalupe1
35021,Harding1
35023,Hidalgo1
35025,Lea1
35027,Lincoln15
35028,Los Alamos1
35029,Luna1
35031,McKinley1
35033,Mora1
35035,Otero2
35037,Quay1
35039,Rio Arriba1
35041,Roosevelt2
35043,Sandoval1
35045,San Juan2
35047,San Miguel2
35049,Santa Fe1
35051,Sierra2
35053,Socorro1
35055,Taos1
35057,Torrance1
35059,Union11
35061,Valencia1
36000,New York1
36001,Albany1
36003,Allegany2
36005,Bronx1
36007,Broome1
36009,Cattaraugus1
36011,Cayuga1
36013,Chautauqua2
36015,Chemung1
36017,Chenango1
36019,Clinton7
36021,Columbia4
36023,Cortland1
36025,Delaware4
36027,Dutchess1
36029,Erie1
36031,Essex3
36033,Franklin17
36035,Fulton6
36037,Genesee2
36039,Greene9
36041,Hamilton7
36043,Herkimer1
36045,Jefferson17
36047,Kings2
36049,Lewis4
36051,Livingston6
36053,Madison15
36055,Monroe12
36057,Montgomery12
36059,Nassau2
36061,New York2
36063,Niagara1
36065,Oneida2
36067,Onondaga1
36069,Ontario1
36071,Orange4
36073,Orleans2
36075,Oswego1
36077,Otsego2
36079,Putnam6
36081,Queens1
36083,Rensselaer1
36085,Richmond2
36087,Rockland1
36089,St. Lawrence1
36091,Saratoga1
36093,Schenectady1
36095,Schoharie1
36097,Schuyler3
36099,Seneca1
36101,Steuben2
36103,Suffolk2
36105,Sullivan4
36107,Tioga1
36109,Tompkins1
36111,Ulster1
36113,Warren9
36115,Washington19
36117,Wayne10
36119,Westchester1
36121,Wyoming1
36123,Yates1
37000,North Carolina1
37001,Alamance1
37003,Alexander2
37005,Alleghany1
37007,Anson1
37009,Ashe1
37011,Avery1
37013,Beaufort1
37015,Bertie1
37017,Bladen1
37019,Brunswick1
37021,Buncombe1
37023,Burke2
37025,Cabarrus1
37027,Caldwell4
37029,Camden4
37031,Carteret1
37033,Caswell1
37035,Catawba1
37037,Chatham2
37039,Cherokee5
37041,Chowan1
37043,Clay14
37045,Cleveland2
37047,Columbus1
37049,Craven1
37051,Cumberland5
37053,Currituck1
37055,Dare1
37057,Davidson1
37059,Davie1
37061,Duplin1
37063,Durham1
37065,Edgecombe1
37067,Forsyth2
37069,Franklin18
37071,Gaston1
37073,Gates1
37075,Graham3
37077,Granville1
37079,Greene10
37081,Guilford1
37083,Halifax1
37085,Harnett1
37087,Haywood1
37089,Henderson3
37091,Hertford1
37093,Hoke1
37095,Hyde1
37097,Iredell1
37099,Jackson16
37101,Johnston1
37103,Jones4
37105,Lee9
37107,Lenoir1
37109,Lincoln16
37111,McDowell1
37113,Macon5
37115,Madison16
37117,Martin5
37119,Mecklenburg1
37121,Mitchell4
37123,Montgomery13
37125,Moore1
37127,Nash1
37129,New Hanover1
37131,Northampton1
37133,Onslow1
37135,Orange5
37137,Pamlico1
37139,Pasquotank1
37141,Pender1
37143,Perquimans1
37145,Person1
37147,Pitt1
37149,Polk8
37151,Randolph7
37153,Richmond3
37155,Robeson1
37157,Rockingham2
37159,Rowan2
37161,Rutherford1
37163,Sampson1
37165,Scotland2
37167,Stanly1
37169,Stokes1
37171,Surry1
37173,Swain1
37175,Transylvania1
37177,Tyrrell1
37179,Union12
37181,Vance1
37183,Wake1
37185,Warren10
37187,Washington20
37189,Watauga1
37191,Wayne11
37193,Wilkes2
37195,Wilson2
37197,Yadkin1
37199,Yancey1
38000,North Dakota1
38001,Adams8
38003,Barnes1
38005,Benson1
38007,Billings1
38009,Bottineau1
38011,Bowman1
38013,Burke3
38015,Burleigh1
38017,Cass8
38019,Cavalier1
38021,Dickey1
38023,Divide1
38025,Dunn1
38027,Eddy2
38029,Emmons1
38031,Foster1
38033,Golden Valley2
38035,Grand Forks1
38037,Grant9
38039,Griggs1
38041,Hettinger1
38043,Kidder1
38045,La Moure1
38047,Logan7
38049,McHenry2
38051,McIntosh2
38053,McKenzie1
38055,McLean3
38057,Mercer5
38059,Morton2
38061,Mountrail1
38063,Nelson2
38065,Oliver1
38067,Pembina1
38069,Pierce3
38071,Ramsey2
38073,Ransom1
38075,Renville2
38077,Richland4
38079,Rolette1
38081,Sargent1
38083,Sheridan4
38085,Sioux3
38087,Slope1
38089,Stark2
38091,Steele2
38093,Stutsman1
38095,Towner1
38097,Traill1
38099,Walsh1
38101,Ward1
38103,Wells2
38105,Williams1
39000,Ohio3
39001,Adams9
39003,Allen5
39005,Ashland1
39007,Ashtabula1
39009,Athens1
39011,Auglaize1
39013,Belmont1
39015,Brown6
39017,Butler7
39019,Carroll11
39021,Champaign2
39023,Clark9
39025,Clermont1
39027,Clinton8
39029,Columbiana1
39031,Coshocton1
39033,Crawford9
39035,Cuyahoga1
39037,Darke1
39039,Defiance1
39041,Delaware5
39043,Erie2
39045,Fairfield2
39047,Fayette7
39049,Franklin19
39051,Fulton7
39053,Gallia1
39055,Geauga1
39057,Greene11
39059,Guernsey1
39061,Hamilton8
39063,Hancock8
39065,Hardin4
39067,Harrison6
39069,Henry8
39071,Highland1
39073,Hocking1
39075,Holmes3
39077,Huron2
39079,Jackson17
39081,Jefferson18
39083,Knox7
39085,Lake9
39087,Lawrence8
39089,Licking1
39091,Logan8
39093,Lorain1
39095,Lucas2
39097,Madison17
39099,Mahoning1
39101,Marion12
39103,Medina1
39105,Meigs1
39107,Mercer6
39109,Miami3
39111,Monroe13
39113,Montgomery14
39115,Morgan8
39117,Morrow1
39119,Muskingum1
39121,Noble2
39123,Ottawa3
39125,Paulding2
39127,Perry8
39129,Pickaway1
39131,Pike9
39133,Portage1
39135,Preble1
39137,Putnam7
39139,Richland5
39141,Ross1
39143,Sandusky1
39145,Scioto1
39147,Seneca2
39149,Shelby7
39151,Stark3
39153,Summit2
39155,Trumbull1
39157,Tuscarawas1
39159,Union13
39161,Van Wert1
39163,Vinton1
39165,Warren11
39167,Washington21
39169,Wayne12
39171,Williams2
39173,Wood1
39175,Wyandot1
40000,Oklahoma1
40001,Adair4
40003,Alfalfa1
40005,Atoka1
40007,Beaver1
40009,Beckham1
40011,Blaine4
40013,Bryan2
40015,Caddo2
40017,Canadian1
40019,Carter4
40021,Cherokee6
40023,Choctaw3
40025,Cimarron1
40027,Cleveland3
40029,Coal1
40031,Comanche2
40033,Cotton1
40035,Craig1
40037,Creek1
40039,Custer5
40041,Delaware6
40043,Dewey1
40045,Ellis2
40047,Garfield4
40049,Garvin1
40051,Grady2
40053,Grant10
40055,Greer1
40057,Harmon1
40059,Harper2
40061,Haskell2
40063,Hughes1
40065,Jackson18
40067,Jefferson19
40069,Johnston2
40071,Kay1
40073,Kingfisher1
40075,Kiowa3
40077,Latimer1
40079,Le Flore1
40081,Lincoln17
40083,Logan9
40085,Love1
40087,McClain1
40089,McCurtain1
40091,McIntosh3
40093,Major1
40095,Marshall9
40097,Mayes1
40099,Murray3
40101,Muskogee1
40103,Noble3
40105,Nowata1
40107,Okfuskee1
40109,Oklahoma2
40111,Okmulgee1
40113,Osage3
40115,Ottawa4
40117,Pawnee3
40119,Payne1
40121,Pittsburg1
40123,Pontotoc2
40125,Pottawatomie2
40127,Pushmataha1
40129,Roger Mills1
40131,Rogers1
40133,Seminole3
40135,Sequoyah1
40137,Stephens2
40139,Texas2
40141,Tillman1
40143,Tulsa1
40145,Wagoner1
40147,Washington22
40149,Washita1
40151,Woods1
40153,Woodward1
41000,Oregon2
41001,Baker3
41003,Benton7
41005,Clackamas1
41007,Clatsop1
41009,Columbia5
41011,Coos2
41013,Crook1
41015,Curry2
41017,Deschutes1
41019,Douglas9
41021,Gilliam1
41023,Grant11
41025,Harney1
41027,Hood River1
41029,Jackson19
41031,Jefferson20
41033,Josephine1
41035,Klamath1
41037,Lake10
41039,Lane2
41041,Lincoln18
41043,Linn4
41045,Malheur1
41047,Marion13
41049,Morrow2
41051,Multnomah1
41053,Polk9
41055,Sherman3
41057,Tillamook1
41059,Umatilla1
41061,Union14
41063,Wallowa1
41065,Wasco1
41067,Washington23
41069,Wheeler3
41071,Yamhill1
42000,Pennsylvania1
42001,Adams10
42003,Allegheny1
42005,Armstrong1
42007,Beaver2
42009,Bedford1
42011,Berks1
42013,Blair1
42015,Bradford2
42017,Bucks1
42019,Butler8
42021,Cambria1
42023,Cameron2
42025,Carbon2
42027,Centre1
42029,Chester1
42031,Clarion1
42033,Clearfield1
42035,Clinton9
42037,Columbia6
42039,Crawford10
42041,Cumberland6
42043,Dauphin1
42045,Delaware7
42047,Elk2
42049,Erie3
42051,Fayette8
42053,Forest1
42055,Franklin20
42057,Fulton8
42059,Greene12
42061,Huntingdon1
42063,Indiana2
42065,Jefferson21
42067,Juniata1
42069,Lackawanna1
42071,Lancaster2
42073,Lawrence9
42075,Lebanon1
42077,Lehigh1
42079,Luzerne1
42081,Lycoming1
42083,McKean1
42085,Mercer7
42087,Mifflin1
42089,Monroe14
42091,Montgomery15
42093,Montour1
42095,Northampton2
42097,Northumberland1
42099,Perry9
42101,Philadelphia1
42103,Pike10
42105,Potter1
42107,Schuylkill1
42109,Snyder1
42111,Somerset4
42113,Sullivan5
42115,Susquehanna1
42117,Tioga2
42119,Union15
42121,Venango1
42123,Warren12
42125,Washington24
42127,Wayne13
42129,Westmoreland1
42131,Wyoming2
42133,York3
44000,Rhode Island1
44001,Bristol2
44003,Kent4
44005,Newport1
44007,Providence1
44009,Washington25
45000,South Carolina1
45001,Abbeville1
45003,Aiken1
45005,Allendale1
45007,Anderson3
45009,Bamberg1
45011,Barnwell1
45013,Beaufort2
45015,Berkeley1
45017,Calhoun9
45019,Charleston1
45021,Cherokee7
45023,Chester2
45025,Chesterfield1
45027,Clarendon1
45029,Colleton1
45031,Darlington1
45033,Dillon1
45035,Dorchester2
45037,Edgefield1
45039,Fairfield3
45041,Florence1
45043,Georgetown1
45045,Greenville1
45047,Greenwood2
45049,Hampton1
45051,Horry1
45053,Jasper7
45055,Kershaw1
45057,Lancaster3
45059,Laurens2
45061,Lee10
45063,Lexington1
45065,McCormick1
45067,Marion14
45069,Marlboro1
45071,Newberry1
45073,Oconee2
45075,Orangeburg1
45077,Pickens3
45079,Richland6
45081,Saluda1
45083,Spartanburg1
45085,Sumter4
45087,Union16
45089,Williamsburg1
45091,York4
46000,South Dakota1
46003,Aurora1
46005,Beadle1
46007,Bennett1
46009,Bon Homme1
46011,Brookings1
46013,Brown7
46015,Brule1
46017,Buffalo2
46019,Butte3
46021,Campbell2
46023,Charles Mix1
46025,Clark10
46027,Clay15
46029,Codington1
46031,Corson1
46033,Custer6
46035,Davison1
46037,Day1
46039,Deuel2
46041,Dewey2
46043,Douglas10
46045,Edmunds1
46047,Fall River1
46049,Faulk1
46051,Grant12
46053,Gregory1
46055,Haakon1
46057,Hamlin1
46059,Hand1
46061,Hanson1
46063,Harding2
46065,Hughes2
46067,Hutchinson1
46069,Hyde2
46071,Jackson20
46073,Jerauld1
46075,Jones5
46077,Kingsbury1
46079,Lake11
46081,Lawrence10
46083,Lincoln19
46085,Lyman1
46087,McCook1
46089,McPherson3
46091,Marshall10
46093,Meade3
46095,Mellette1
46097,Miner1
46099,Minnehaha1
46101,Moody1
46103,Pennington2
46105,Perkins2
46107,Potter2
46109,Roberts1
46111,Sanborn1
46113,Shannon2
46115,Spink1
46117,Stanley1
46119,Sully1
46121,Todd3
46123,Tripp1
46125,Turner2
46127,Union17
46129,Walworth1
46135,Yankton1
46137,Ziebach1
47000,Tennessee1
47001,Anderson4
47003,Bedford2
47005,Benton8
47007,Bledsoe1
47009,Blount2
47011,Bradley2
47013,Campbell3
47015,Cannon1
47017,Carroll12
47019,Carter5
47021,Cheatham1
47023,Chester3
47025,Claiborne3
47027,Clay16
47029,Cocke1
47031,Coffee3
47033,Crockett1
47035,Cumberland7
47037,Davidson2
47039,Decatur5
47041,DeKalb2
47043,Dickson1
47045,Dyer1
47047,Fayette9
47049,Fentress1
47051,Franklin21
47053,Gibson2
47055,Giles1
47057,Grainger1
47059,Greene13
47061,Grundy4
47063,Hamblen1
47065,Hamilton9
47067,Hancock9
47069,Hardeman1
47071,Hardin5
47073,Hawkins1
47075,Haywood2
47077,Henderson4
47079,Henry9
47081,Hickman2
47083,Houston4
47085,Humphreys2
47087,Jackson21
47089,Jefferson22
47091,Johnson10
47093,Knox8
47095,Lake12
47097,Lauderdale3
47099,Lawrence11
47101,Lewis5
47103,Lincoln20
47105,Loudon1
47107,McMinn1
47109,McNairy1
47111,Macon6
47113,Madison18
47115,Marion15
47117,Marshall11
47119,Maury1
47121,Meigs2
47123,Monroe15
47125,Montgomery16
47127,Moore2
47129,Morgan9
47131,Obion1
47133,Overton1
47135,Perry10
47137,Pickett1
47139,Polk10
47141,Putnam8
47143,Rhea1
47145,Roane1
47147,Robertson2
47149,Rutherford2
47151,Scott10
47153,Sequatchie1
47155,Sevier2
47157,Shelby8
47159,Smith3
47161,Stewart2
47163,Sullivan6
47165,Sumner2
47167,Tipton2
47169,Trousdale1
47171,Unicoi1
47173,Union18
47175,Van Buren4
47177,Warren13
47179,Washington26
47181,Wayne14
47183,Weakley1
47185,White5
47187,Williamson2
47189,Wilson3
48000,Texas3
48001,Anderson5
48003,Andrews1
48005,Angelina1
48007,Aransas1
48009,Archer1
48011,Armstrong2
48013,Atascosa1
48015,Austin1
48017,Bailey1
48019,Bandera1
48021,Bastrop1
48023,Baylor1
48025,Bee1
48027,Bell2
48029,Bexar1
48031,Blanco1
48033,Borden1
48035,Bosque1
48037,Bowie1
48039,Brazoria1
48041,Brazos1
48043,Brewster1
48045,Briscoe1
48047,Brooks2
48049,Brown8
48051,Burleson1
48053,Burnet1
48055,Caldwell5
48057,Calhoun10
48059,Callahan1
48061,Cameron3
48063,Camp1
48065,Carson1
48067,Cass9
48069,Castro1
48071,Chambers2
48073,Cherokee8
48075,Childress1
48077,Clay17
48079,Cochran1
48081,Coke1
48083,Coleman1
48085,Collin1
48087,Collingsworth1
48089,Colorado2
48091,Comal1
48093,Comanche3
48095,Concho1
48097,Cooke1
48099,Coryell1
48101,Cottle1
48103,Crane1
48105,Crockett2
48107,Crosby1
48109,Culberson1
48111,Dallam1
48113,Dallas5
48115,Dawson4
48117,Deaf Smith1
48119,Delta3
48121,Denton1
48123,De Witt2
48125,Dickens1
48127,Dimmit1
48129,Donley1
48131,Duval2
48133,Eastland1
48135,Ector1
48137,Edwards3
48139,Ellis3
48141,El Paso2
48143,Erath1
48145,Falls1
48147,Fannin2
48149,Fayette10
48151,Fisher1
48153,Floyd5
48155,Foard1
48157,Fort Bend1
48159,Franklin22
48161,Freestone1
48163,Frio1
48165,Gaines1
48167,Galveston1
48169,Garza1
48171,Gillespie1
48173,Glasscock1
48175,Goliad1
48177,Gonzales1
48179,Gray2
48181,Grayson2
48183,Gregg1
48185,Grimes1
48187,Guadalupe2
48189,Hale2
48191,Hall3
48193,Hamilton10
48195,Hansford1
48197,Hardeman2
48199,Hardin6
48201,Harris2
48203,Harrison7
48205,Hartley1
48207,Haskell3
48209,Hays1
48211,Hemphill1
48213,Henderson5
48215,Hidalgo2
48217,Hill2
48219,Hockley1
48221,Hood1
48223,Hopkins2
48225,Houston5
48227,Howard7
48229,Hudspeth1
48231,Hunt1
48233,Hutchinson2
48235,Irion1
48237,Jack1
48239,Jackson22
48241,Jasper8
48243,Jeff Davis2
48245,Jefferson23
48247,Jim Hogg1
48249,Jim Wells1
48251,Johnson11
48253,Jones6
48255,Karnes1
48257,Kaufman1
48259,Kendall2
48261,Kenedy1
48263,Kent5
48265,Kerr1
48267,Kimble1
48269,King1
48271,Kinney1
48273,Kleberg1
48275,Knox9
48277,Lamar4
48279,Lamb1
48281,Lampasas1
48283,La Salle3
48285,Lavaca1
48287,Lee11
48289,Leon2
48291,Liberty4
48293,Limestone2
48295,Lipscomb1
48297,Live Oak1
48299,Llano1
48301,Loving1
48303,Lubbock1
48305,Lynn1
48307,McCulloch1
48309,McLennan1
48311,McMullen1
48313,Madison19
48315,Marion16
48317,Martin6
48319,Mason4
48321,Matagorda1
48323,Maverick1
48325,Medina2
48327,Menard2
48329,Midland2
48331,Milam1
48333,Mills2
48335,Mitchell5
48337,Montague1
48339,Montgomery17
48341,Moore3
48343,Morris3
48345,Motley1
48347,Nacogdoches1
48349,Navarro1
48351,Newton6
48353,Nolan1
48355,Nueces1
48357,Ochiltree1
48359,Oldham2
48361,Orange6
48363,Palo Pinto1
48365,Panola2
48367,Parker1
48369,Parmer1
48371,Pecos1
48373,Polk11
48375,Potter3
48377,Presidio1
48379,Rains1
48381,Randall1
48383,Reagan1
48385,Real1
48387,Red River2
48389,Reeves1
48391,Refugio1
48393,Roberts2
48395,Robertson3
48397,Rockwall1
48399,Runnels1
48401,Rusk1
48403,Sabine2
48405,San Augustine1
48407,San Jacinto1
48409,San Patricio1
48411,San Saba1
48413,Schleicher1
48415,Scurry1
48417,Shackelford1
48419,Shelby9
48421,Sherman4
48423,Smith4
48425,Somervell1
48427,Starr1
48429,Stephens3
48431,Sterling1
48433,Stonewall1
48435,Sutton1
48437,Swisher1
48439,Tarrant1
48441,Taylor5
48443,Terrell2
48445,Terry1
48447,Throckmorton1
48449,Titus1
48451,Tom Green1
48453,Travis1
48455,Trinity2
48457,Tyler1
48459,Upshur1
48461,Upton1
48463,Uvalde1
48465,Val Verde1
48467,Van Zandt1
48469,Victoria1
48471,Walker3
48473,Waller1
48475,Ward2
48477,Washington27
48479,Webb1
48481,Wharton1
48483,Wheeler4
48485,Wichita2
48487,Wilbarger1
48489,Willacy1
48491,Williamson3
48493,Wilson4
48495,Winkler1
48497,Wise1
48499,Wood2
48501,Yoakum1
48503,Young1
48505,Zapata1
48507,Zavala1
49000,Utah1
49001,Beaver3
49003,Box Elder1
49005,Cache1
49007,Carbon3
49009,Daggett1
49011,Davis2
49013,Duchesne1
49015,Emery1
49017,Garfield5
49019,Grand2
49021,Iron3
49023,Juab1
49025,Kane2
49027,Millard1
49029,Morgan10
49031,Piute1
49033,Rich1
49035,Salt Lake1
49037,San Juan3
49039,Sanpete1
49041,Sevier3
49043,Summit3
49045,Tooele1
49047,Uintah1
49049,Utah2
49051,Wasatch1
49053,Washington28
49055,Wayne15
49057,Weber1
50000,Vermont1
50001,Addison1
50003,Bennington1
50005,Caledonia1
50007,Chittenden1
50009,Essex4
50011,Franklin23
50013,Grand Isle1
50015,Lamoille1
50017,Orange7
50019,Orleans3
50021,Rutland1
50023,Washington29
50025,Windham2
50027,Windsor1
51000,Virginia1
51001,Accomack1
51003,Albemarle1
51005,Alleghany2
51007,Amelia1
51009,Amherst1
51011,Appomattox1
51013,Arlington1
51015,Augusta1
51017,Bath2
51019,Bedford3
51021,Bland1
51023,Botetourt1
51025,Brunswick2
51027,Buchanan3
51029,Buckingham1
51031,Campbell4
51033,Caroline2
51035,Carroll13
51036,Charles City1
51037,Charlotte2
51041,Chesterfield2
51043,Clarke5
51045,Craig2
51047,Culpeper1
51049,Cumberland8
51051,Dickenson1
51053,Dinwiddie1
51057,Essex5
51059,Fairfax1
51061,Fauquier1
51063,Floyd6
51065,Fluvanna1
51067,Franklin24
51069,Frederick2
51071,Giles2
51073,Gloucester2
51075,Goochland1
51077,Grayson3
51079,Greene14
51081,Greensville1
51083,Halifax2
51085,Hanover1
51087,Henrico1
51089,Henry10
51091,Highland2
51093,Isle of Wight1
51095,James City1
51097,King and Queen1
51099,King George1
51101,King William1
51103,Lancaster4
51105,Lee12
51107,Loudoun1
51109,Louisa2
51111,Lunenburg1
51113,Madison20
51115,Mathews1
51117,Mecklenburg2
51119,Middlesex4
51121,Montgomery18
51125,Nelson3
51127,New Kent1
51131,Northampton3
51133,Northumberland2
51135,Nottoway1
51137,Orange8
51139,Page2
51141,Patrick1
51143,Pittsylvania1
51145,Powhatan1
51147,Prince Edward1
51149,Prince George1
51153,Prince William1
51155,Pulaski7
51157,Rappahannock1
51159,Richmond4
51161,Roanoke1
51163,Rockbridge1
51165,Rockingham3
51167,Russell4
51169,Scott11
51171,Shenandoah1
51173,Smyth1
51175,Southampton1
51177,Spotsylvania1
51179,Stafford2
51181,Surry2
51183,Sussex3
51185,Tazewell2
51187,Warren14
51191,Washington30
51193,Westmoreland2
51195,Wise2
51197,Wythe1
51199,York5
51510,Alexandria1
51515,Bedford4
51520,Bristol3
51530,Buena Vista2
51540,Charlottesville1
51550,Chesapeake1
51560,Clifton Forge1
51570,Colonial Heights1
51580,Covington3
51590,Danville1
51595,Emporia1
51600,Fairfax2
51610,Falls Church1
51620,Franklin25
51630,Fredericksburg1
51640,Galax1
51650,Hampton2
51660,Harrisonburg1
51670,Hopewell1
51678,Lexington2
51680,Lynchburg1
51683,Manassas1
51685,Manassas Park1
51690,Martinsville1
51700,Newport News1
51710,Norfolk2
51720,Norton2
51730,Petersburg1
51735,Poquoson1
51740,Portsmouth1
51750,Radford1
51760,Richmond5
51770,Roanoke2
51775,Salem2
51780,South Boston1
51790,Staunton1
51800,Suffolk3
51810,Virginia Beach1
51820,Waynesboro1
51830,Williamsburg2
51840,Winchester1
53000,Washington31
53001,Adams11
53003,Asotin1
53005,Benton9
53007,Chelan1
53009,Clallam1
53011,Clark11
53013,Columbia7
53015,Cowlitz1
53017,Douglas11
53019,Ferry1
53021,Franklin26
53023,Garfield6
53025,Grant13
53027,Grays Harbor1
53029,Island1
53031,Jefferson24
53033,King2
53035,Kitsap1
53037,Kittitas1
53039,Klickitat1
53041,Lewis6
53043,Lincoln21
53045,Mason5
53047,Okanogan1
53049,Pacific1
53051,Pend Oreille1
53053,Pierce4
53055,San Juan4
53057,Skagit1
53059,Skamania1
53061,Snohomish1
53063,Spokane1
53065,Stevens3
53067,Thurston2
53069,Wahkiakum1
53071,Walla Walla1
53073,Whatcom1
53075,Whitman1
53077,Yakima1
54000,West Virginia1
54001,Barbour2
54003,Berkeley2
54005,Boone8
54007,Braxton1
54009,Brooke1
54011,Cabell1
54013,Calhoun11
54015,Clay18
54017,Doddridge1
54019,Fayette11
54021,Gilmer2
54023,Grant14
54025,Greenbrier1
54027,Hampshire2
54029,Hancock10
54031,Hardy1
54033,Harrison8
54035,Jackson23
54037,Jefferson25
54039,Kanawha1
54041,Lewis7
54043,Lincoln22
54045,Logan10
54047,McDowell2
54049,Marion17
54051,Marshall12
54053,Mason6
54055,Mercer8
54057,Mineral4
54059,Mingo1
54061,Monongalia1
54063,Monroe16
54065,Morgan11
54067,Nicholas2
54069,Ohio4
54071,Pendleton2
54073,Pleasants1
54075,Pocahontas2
54077,Preston1
54079,Putnam9
54081,Raleigh1
54083,Randolph8
54085,Ritchie1
54087,Roane2
54089,Summers1
54091,Taylor6
54093,Tucker1
54095,Tyler2
54097,Upshur2
54099,Wayne16
54101,Webster8
54103,Wetzel1
54105,Wirt1
54107,Wood3
54109,Wyoming3
55000,Wisconsin1
55001,Adams12
55003,Ashland2
55005,Barron1
55007,Bayfield1
55009,Brown9
55011,Buffalo3
55013,Burnett1
55015,Calumet1
55017,Chippewa3
55019,Clark12
55021,Columbia8
55023,Crawford11
55025,Dane1
55027,Dodge4
55029,Door1
55031,Douglas12
55033,Dunn2
55035,Eau Claire1
55037,Florence2
55039,Fond du Lac1
55041,Forest2
55043,Grant15
55045,Green2
55047,Green Lake1
55049,Iowa3
55051,Iron4
55053,Jackson24
55055,Jefferson26
55057,Juneau2
55059,Kenosha1
55061,Kewaunee1
55063,La Crosse1
55065,Lafayette6
55067,Langlade1
55069,Lincoln23
55071,Manitowoc1
55073,Marathon1
55075,Marinette1
55077,Marquette2
55078,Menominee2
55079,Milwaukee1
55081,Monroe17
55083,Oconto1
55085,Oneida3
55087,Outagamie1
55089,Ozaukee1
55091,Pepin1
55093,Pierce5
55095,Polk12
55097,Portage2
55099,Price1
55101,Racine1
55103,Richland7
55105,Rock3
55107,Rusk2
55109,St. Croix1
55111,Sauk1
55113,Sawyer1
55115,Shawano1
55117,Sheboygan1
55119,Taylor7
55121,Trempealeau1
55123,Vernon3
55125,Vilas1
55127,Walworth2
55129,Washburn1
55131,Washington32
55133,Waukesha1
55135,Waupaca1
55137,Waushara1
55139,Winnebago3
55141,Wood4
56000,Wyoming4
56001,Albany2
56003,Big Horn2
56005,Campbell5
56007,Carbon4
56009,Converse1
56011,Crook2
56013,Fremont4
56015,Goshen1
56017,Hot Springs1
56019,Johnson12
56021,Laramie1
56023,Lincoln24
56025,Natrona1
56027,Niobrara1
56029,Park3
56031,Platte3
56033,Sheridan5
56035,Sublette1
56037,Sweetwater1
56039,Teton3
56041,Uinta1
56043,Washakie1
56045,Weston1
60000,America Somoa1
60010,Eastern1
60020,Manu'a1
60030,Rose Island1
60040,Swains Island1
60050,Western1
64000,Federated States of Micronesia1
64002,Chuuk1
64005,Kosrae1
64040,Pohnpeit1
64060,Yap1
66000,Guam1
66010,Guam2
68000,Marshall Islands1
68007,Ailinginae1
68010,Ailinglaplap1
68030,Ailuk1
68040,Arno1
68050,Aur1
68060,Bikar1
68070,Bikini1
68073,Bokak1
68080,Ebon1
68090,Enewetak1
68100,Erikub1
68110,Jabat1
68120,Jaluit1
68130,Jemo1
68140,Kili1
68150,Kwajalein1
68160,Lae1
68170,Lib1
68180,Likiep1
68190,Majuro1
68300,Maloelap1
68310,Mejit1
68320,Mili1
68330,Namorik1
68340,Namu1
68350,Rongelap1
68360,Rongrik1
68385,Toke1
68390,Ujae1
68400,Ujelang1
68410,Utrik1
68420,Wotho1
68430,Wotle1
69000,Northern Mariana Islands1
69085,Northern Islands1
69100,Rota1
69110,Saipan1
69120,Tinian1
70000,Palau1
70002,Aimeliik1
70004,Airai1
70212,Melekeok1
70214,Ngaraard1
70227,Ngernmlengui1
70228,Ngiwal1
72000,Puerto Rico1
72001,Adjuntas1
72003,Aguada1
72005,Aguadilla1
72007,Aguas Buenas1
72009,Aibonito1
72011,Anasco1
72013,Arecibo1
72015,Arroyo1
72017,Barceloneta1
72019,Barranquitas1
72021,Bayamo'n1
72023,Cabo Rojo1
72025,Caguas1
72027,Camuy1
72029,Canovanas1
72031,Carolina1
72033,Catano1
72035,Cayey1
72037,Ceiba1
72041,Cidra1
72043,Coamo1
72045,Comerio1
72047,Corozal1
72049,Culebra1
72051,Dorado1
72053,Fajardo1
72054,Florida2
72055,Guanica1
72057,Guayama1
72059,Guayanilla1
72061,Guaynabo1
72063,Gurabo1
72065,Hatillo1
72067,Hormigueros1
72069,Humacao1
72071,Isabela1
72073,Jayuya1
72075,Juana Diaz1
72077,Juncos1
72079,Lajas1
72081,Lares1
72083,Las Marias1
72085,Las Piedras1
72087,Loiza1
72089,Luquillo1
72091,Manati1
72093,Maricao1
72097,Mayaguez1
72099,Moca1
72101,Morovis1
72103,Naguabo1
72105,Naranjito1
72107,Orocovis1
72109,Patillas1
72111,Penuelas1
72113,Ponce1
72115,Quebradillas1
72117,Rincon1
72119,Rio Grande2
72121,Sabana Grande1
72123,Salinas1
72125,San German1
72127,San Juan5
72129,San Lorenzo1
72131,San Sebastian1
72133,Santa Isabel1
72135,Toa Alta1
72137,Toa Baja1
72139,Trujillo Alto1
72141,Utuado1
72143,Vega Alta1
72145,Vega Baja1
72147,Vieques1
72149,Villalba1
72151,Yabucoa1
72153,Yauco1
74000,U.S. Minor Outlying Islands1
74050,Baker Island1
74100,Howland Island1
74150,Jarvis Island1
74200,Johnston Island1
74250,Kingman Reef1
74300,Midway Islands1
74350,Navassa Island1
74400,Palmyra Atoll1
74450,Wake Island1
78000,Virgin Islands of the United States1
78010,Angaur1
78010,St. Croix2
78020,St. John1
78030,St. Thomas1
78050,Hatoboheit1
78100,Kayangel1
78150,Koror1
78218,Ngarchelong1
78222,Ngardmau1
78224,Ngatpang1
78226,Ngchesar1
78350,Peleliu1
78370,Sonsorol1
